id,company_id,name,is_active,created_at
1,19,Goods,True,2026-04-24 00:04:41.195812+00:00
2,19,Commission,True,2026-04-24 00:04:41.195816+00:00
3,19,Contract,True,2026-04-24 00:04:41.195818+00:00
4,19,Other,True,2026-04-24 00:04:41.195819+00:00
5,19,Service,True,2026-04-24 00:04:41.195820+00:00
6,19,Rent,True,2026-04-24 00:04:41.195821+00:00
7,43,Goods,True,2026-04-24 00:04:41.195822+00:00
8,43,Commission,True,2026-04-24 00:04:41.195823+00:00
9,43,Contract,True,2026-04-24 00:04:41.195824+00:00
10,43,Other,True,2026-04-24 00:04:41.195825+00:00
11,43,Service,True,2026-04-24 00:04:41.195826+00:00
12,43,Rent,True,2026-04-24 00:04:41.195827+00:00
13,44,Goods,True,2026-04-24 00:04:41.195828+00:00
14,44,Commission,True,2026-04-24 00:04:41.195829+00:00
15,44,Contract,True,2026-04-24 00:04:41.195830+00:00
16,44,Other,True,2026-04-24 00:04:41.195831+00:00
17,44,Service,True,2026-04-24 00:04:41.195832+00:00
18,44,Rent,True,2026-04-24 00:04:41.195833+00:00
19,45,Goods,True,2026-04-24 00:04:41.195835+00:00
20,45,Commission,True,2026-04-24 00:04:41.195836+00:00
21,45,Contract,True,2026-04-24 00:04:41.195837+00:00
22,45,Other,True,2026-04-24 00:04:41.195838+00:00
23,45,Service,True,2026-04-24 00:04:41.195839+00:00
24,45,Rent,True,2026-04-24 00:04:41.195840+00:00
25,40,Goods,True,2026-04-24 00:04:41.195841+00:00
26,40,Commission,True,2026-04-24 00:04:41.195842+00:00
27,40,Contract,True,2026-04-24 00:04:41.195843+00:00
28,40,Other,True,2026-04-24 00:04:41.195844+00:00
29,40,Service,True,2026-04-24 00:04:41.195845+00:00
30,40,Rent,True,2026-04-24 00:04:41.195846+00:00
31,46,Goods,True,2026-04-24 00:04:41.195847+00:00
32,46,Commission,True,2026-04-24 00:04:41.195848+00:00
33,46,Contract,True,2026-04-24 00:04:41.195849+00:00
34,46,Other,True,2026-04-24 00:04:41.195850+00:00
35,46,Service,True,2026-04-24 00:04:41.195851+00:00
36,46,Rent,True,2026-04-24 00:04:41.195852+00:00
37,20,Goods,True,2026-04-24 00:04:41.195853+00:00
38,20,Commission,True,2026-04-24 00:04:41.195854+00:00
39,20,Contract,True,2026-04-24 00:04:41.195855+00:00
40,20,Other,True,2026-04-24 00:04:41.195856+00:00
41,20,Service,True,2026-04-24 00:04:41.195857+00:00
42,20,Rent,True,2026-04-24 00:04:41.195858+00:00
43,21,Goods,True,2026-04-24 00:04:41.195859+00:00
44,21,Commission,True,2026-04-24 00:04:41.195860+00:00
45,21,Contract,True,2026-04-24 00:04:41.195861+00:00
46,21,Other,True,2026-04-24 00:04:41.195862+00:00
47,21,Service,True,2026-04-24 00:04:41.195864+00:00
48,21,Rent,True,2026-04-24 00:04:41.195865+00:00
49,22,Goods,True,2026-04-24 00:04:41.195866+00:00
50,22,Commission,True,2026-04-24 00:04:41.195867+00:00
51,22,Contract,True,2026-04-24 00:04:41.195868+00:00
52,22,Other,True,2026-04-24 00:04:41.195869+00:00
53,22,Service,True,2026-04-24 00:04:41.195870+00:00
54,22,Rent,True,2026-04-24 00:04:41.195871+00:00
55,23,Goods,True,2026-04-24 00:04:41.195872+00:00
56,23,Commission,True,2026-04-24 00:04:41.195873+00:00
57,23,Contract,True,2026-04-24 00:04:41.195874+00:00
58,23,Other,True,2026-04-24 00:04:41.195875+00:00
59,23,Service,True,2026-04-24 00:04:41.195876+00:00
60,23,Rent,True,2026-04-24 00:04:41.195877+00:00
61,24,Goods,True,2026-04-24 00:04:41.195878+00:00
62,24,Commission,True,2026-04-24 00:04:41.195879+00:00
63,24,Contract,True,2026-04-24 00:04:41.195880+00:00
64,24,Other,True,2026-04-24 00:04:41.195881+00:00
65,24,Service,True,2026-04-24 00:04:41.195882+00:00
66,24,Rent,True,2026-04-24 00:04:41.195883+00:00
67,1,Goods,True,2026-04-24 00:04:41.195884+00:00
68,1,Commission,True,2026-04-24 00:04:41.195885+00:00
69,1,Contract,True,2026-04-24 00:04:41.195886+00:00
70,1,Other,True,2026-04-24 00:04:41.195887+00:00
71,1,Service,True,2026-04-24 00:04:41.195888+00:00
72,1,Rent,True,2026-04-24 00:04:41.195889+00:00
73,3,Goods,True,2026-04-24 00:04:41.195890+00:00
74,3,Commission,True,2026-04-24 00:04:41.195891+00:00
75,3,Contract,True,2026-04-24 00:04:41.195892+00:00
76,3,Other,True,2026-04-24 00:04:41.195893+00:00
77,3,Service,True,2026-04-24 00:04:41.195895+00:00
78,3,Rent,True,2026-04-24 00:04:41.195896+00:00
79,4,Goods,True,2026-04-24 00:04:41.195897+00:00
80,4,Commission,True,2026-04-24 00:04:41.195898+00:00
81,4,Contract,True,2026-04-24 00:04:41.195899+00:00
82,4,Other,True,2026-04-24 00:04:41.195900+00:00
83,4,Service,True,2026-04-24 00:04:41.195901+00:00
84,4,Rent,True,2026-04-24 00:04:41.195902+00:00
85,5,Goods,True,2026-04-24 00:04:41.195903+00:00
86,5,Commission,True,2026-04-24 00:04:41.195904+00:00
87,5,Contract,True,2026-04-24 00:04:41.195905+00:00
88,5,Other,True,2026-04-24 00:04:41.195906+00:00
89,5,Service,True,2026-04-24 00:04:41.195907+00:00
90,5,Rent,True,2026-04-24 00:04:41.195908+00:00
91,16,Goods,True,2026-04-24 00:04:41.195909+00:00
92,16,Commission,True,2026-04-24 00:04:41.195910+00:00
93,16,Contract,True,2026-04-24 00:04:41.195911+00:00
94,16,Other,True,2026-04-24 00:04:41.195912+00:00
95,16,Service,True,2026-04-24 00:04:41.195913+00:00
96,16,Rent,True,2026-04-24 00:04:41.195914+00:00
97,17,Goods,True,2026-04-24 00:04:41.195915+00:00
98,17,Commission,True,2026-04-24 00:04:41.195916+00:00
99,17,Contract,True,2026-04-24 00:04:41.195917+00:00
100,17,Other,True,2026-04-24 00:04:41.195918+00:00
101,17,Service,True,2026-04-24 00:04:41.195919+00:00
102,17,Rent,True,2026-04-24 00:04:41.195920+00:00
103,37,Goods,True,2026-04-24 00:04:41.195921+00:00
104,37,Commission,True,2026-04-24 00:04:41.195922+00:00
105,37,Contract,True,2026-04-24 00:04:41.195923+00:00
106,37,Other,True,2026-04-24 00:04:41.195925+00:00
107,37,Service,True,2026-04-24 00:04:41.195927+00:00
108,37,Rent,True,2026-04-24 00:04:41.195928+00:00
109,38,Goods,True,2026-04-24 00:04:41.195930+00:00
110,38,Commission,True,2026-04-24 00:04:41.195931+00:00
111,38,Contract,True,2026-04-24 00:04:41.195932+00:00
112,38,Other,True,2026-04-24 00:04:41.195933+00:00
113,38,Service,True,2026-04-24 00:04:41.195934+00:00
114,38,Rent,True,2026-04-24 00:04:41.195935+00:00
115,47,Goods,True,2026-04-24 00:04:41.195936+00:00
116,47,Commission,True,2026-04-24 00:04:41.195937+00:00
117,47,Contract,True,2026-04-24 00:04:41.195938+00:00
118,47,Other,True,2026-04-24 00:04:41.195939+00:00
119,47,Service,True,2026-04-24 00:04:41.195940+00:00
120,47,Rent,True,2026-04-24 00:04:41.195941+00:00
121,14,Goods,True,2026-04-24 00:04:41.195942+00:00
122,14,Commission,True,2026-04-24 00:04:41.195943+00:00
123,14,Contract,True,2026-04-24 00:04:41.195944+00:00
124,14,Other,True,2026-04-24 00:04:41.195945+00:00
126,14,Service,True,2026-04-24 00:04:41.195947+00:00
127,14,Rent,True,2026-04-24 00:04:41.195948+00:00
128,14,goods,True,2026-04-24 00:04:41.195949+00:00
129,39,Goods,True,2026-04-24 00:04:41.195950+00:00
130,39,Commission,True,2026-04-24 00:04:41.195951+00:00
131,39,Contract,True,2026-04-24 00:04:41.195952+00:00
132,39,Other,True,2026-04-24 00:04:41.195953+00:00
133,39,Service,True,2026-04-24 00:04:41.195954+00:00
134,39,Rent,True,2026-04-24 00:04:41.195955+00:00
135,27,Goods,True,2026-04-24 00:04:41.195957+00:00
136,27,Commission,True,2026-04-24 00:04:41.195958+00:00
137,27,Contract,True,2026-04-24 00:04:41.195959+00:00
138,27,Other,True,2026-04-24 00:04:41.195960+00:00
139,27,Service,True,2026-04-24 00:04:41.195961+00:00
140,27,Rent,True,2026-04-24 00:04:41.195962+00:00
141,28,Goods,True,2026-04-24 00:04:41.195963+00:00
142,28,Commission,True,2026-04-24 00:04:41.195964+00:00
143,28,Contract,True,2026-04-24 00:04:41.195965+00:00
144,28,Other,True,2026-04-24 00:04:41.195966+00:00
145,28,Service,True,2026-04-24 00:04:41.195967+00:00
146,28,Rent,True,2026-04-24 00:04:41.195968+00:00
147,6,Goods,True,2026-04-24 00:04:41.195969+00:00
148,6,Commission,True,2026-04-24 00:04:41.195970+00:00
149,6,Contract,True,2026-04-24 00:04:41.195971+00:00
150,6,Other,True,2026-04-24 00:04:41.195972+00:00
151,6,Service,True,2026-04-24 00:04:41.195973+00:00
152,6,Rent,True,2026-04-24 00:04:41.195974+00:00
153,31,Goods,True,2026-04-24 00:04:41.195975+00:00
154,31,Commission,True,2026-04-24 00:04:41.195976+00:00
155,31,Contract,True,2026-04-24 00:04:41.195977+00:00
156,31,Other,True,2026-04-24 00:04:41.195978+00:00
157,31,Service,True,2026-04-24 00:04:41.195979+00:00
158,31,Rent,True,2026-04-24 00:04:41.195980+00:00
159,18,Goods,True,2026-04-24 00:04:41.195981+00:00
160,18,Commission,True,2026-04-24 00:04:41.195982+00:00
161,18,Contract,True,2026-04-24 00:04:41.195983+00:00
162,18,Other,True,2026-04-24 00:04:41.195984+00:00
163,18,Service,True,2026-04-24 00:04:41.195985+00:00
164,18,Rent,True,2026-04-24 00:04:41.195986+00:00
165,32,Goods,True,2026-04-24 00:04:41.195987+00:00
166,32,Commission,True,2026-04-24 00:04:41.195989+00:00
167,32,Contract,True,2026-04-24 00:04:41.195990+00:00
168,32,Other,True,2026-04-24 00:04:41.195991+00:00
169,32,Service,True,2026-04-24 00:04:41.195992+00:00
170,32,Rent,True,2026-04-24 00:04:41.195993+00:00
171,33,Goods,True,2026-04-24 00:04:41.195994+00:00
172,33,Commission,True,2026-04-24 00:04:41.195995+00:00
173,33,Contract,True,2026-04-24 00:04:41.195996+00:00
174,33,Other,True,2026-04-24 00:04:41.195997+00:00
175,33,Service,True,2026-04-24 00:04:41.195998+00:00
176,33,Rent,True,2026-04-24 00:04:41.195999+00:00
177,42,Goods,True,2026-04-24 00:04:41.196000+00:00
178,42,Commission,True,2026-04-24 00:04:41.196001+00:00
179,42,Contract,True,2026-04-24 00:04:41.196002+00:00
180,42,Other,True,2026-04-24 00:04:41.196003+00:00
181,42,Service,True,2026-04-24 00:04:41.196004+00:00
182,42,Rent,True,2026-04-24 00:04:41.196005+00:00
125,14,service,False,2026-04-24 00:04:41.195946+00:00
