id,voucher_id,ledger_id,debit,credit,department_id,project_id,remarks,segment_id,employee_id
1,1,2,2000.0,0.0,,,,,
2,1,1,0.0,2000.0,,,,,
1077,441,737,0.0,250000.0,6.0,2.0,,,
1078,441,738,250000.0,0.0,6.0,2.0,,,
234,169,195,0.0,2500.0,,,,,
235,169,202,2500.0,0.0,,,,,
705,320,653,100.0,0.0,,,,,
706,320,654,0.0,100.0,,,,,
1081,443,739,171.12,0.0,,,computer (FA) [5999] | Computers | Rate: 25.0% (STRAIGHT LINE),,
1082,443,740,0.0,171.12,,,computer (FA) [5999] | Computers | Rate: 25.0% (STRAIGHT LINE),,
1089,447,645,100000.0,0.0,2.0,2.0,,,
1090,447,123,0.0,100000.0,2.0,2.0,,,
376,238,68,0.0,452.0,,,,,
377,238,42,400.0,0.0,,,,,
378,238,257,52.0,0.0,,,,,
423,256,223,0.0,500.0,,,,,
424,256,270,500.0,0.0,,,,,
427,258,223,0.0,0.0,,,,,
428,259,223,0.0,0.0,,,,,
430,225,223,100000.0,0.0,,,,,
431,225,250,0.0,100000.0,,,,,
433,263,223,0.0,2500.0,,,,,
434,263,270,2500.0,0.0,,,,,
437,265,223,0.0,500.0,,,,,
438,265,270,500.0,0.0,,,,,
439,266,223,0.0,500.0,,,,,
440,266,270,500.0,0.0,,,,,
1117,453,274,9605.0,0.0,,,,,
1118,453,107,0.0,8500.0,,,,,
1119,453,100,0.0,1105.0,,,,,
1120,453,277,5000.0,0.0,,,,,
1121,453,276,0.0,5000.0,,,,,
1127,449,645,5000.0,0.0,,,,,
1128,449,645,0.0,5000.0,,,,,
1129,449,98,5000.0,0.0,,,,,
1130,449,123,0.0,5000.0,,,,,
1146,451,645,4802.5,0.0,,,,,
1147,451,645,0.0,4802.5,,,,,
563,301,9,100.0,0.0,4.0,,,,
1148,451,98,4802.5,0.0,,,,,
1149,451,107,0.0,4250.0,,,,,
564,301,23,0.0,100.0,4.0,,,,
567,303,9,100.0,0.0,4.0,,,,
568,303,23,0.0,100.0,4.0,,,,
1150,451,100,0.0,552.5,,,,,
1153,455,274,9000.0,0.0,,,,,
1154,455,274,0.0,9000.0,,,,,
1155,455,98,9000.0,0.0,,,,,
1156,455,107,0.0,9000.0,,,,,
1185,458,274,1921.0,0.0,,,,,
1186,458,274,0.0,1921.0,,,,,
1187,458,98,1921.0,0.0,,,,,
1188,458,107,0.0,1700.0,,,,,
1189,458,100,0.0,221.0,,,,,
1190,458,277,1000.0,0.0,,,,,
1191,458,276,0.0,1000.0,,,,,
1194,460,274,960.5,0.0,,,,,
1195,460,274,0.0,960.5,,,,,
1196,460,98,960.5,0.0,,,,,
1197,460,107,0.0,850.0,,,,,
678,268,269,4000.0,0.0,,,,,
679,268,269,0.0,4000.0,,,,,
680,268,223,4000.0,0.0,,,,,
681,268,233,0.0,4000.0,,,,,
682,268,273,2500.0,0.0,,,,,
683,268,270,0.0,2500.0,,,,,
684,286,267,21000.0,0.0,,,,,
685,286,76,0.0,21000.0,,,,,
686,287,267,23617.0,0.0,,,,,
687,287,76,0.0,20900.0,,,,,
688,287,258,0.0,2717.0,,,,,
689,288,588,700.0,0.0,,,,,
690,288,76,0.0,700.0,,,,,
691,292,267,1017.0,0.0,,,,,
692,292,267,0.0,1017.0,,,,,
693,292,68,1017.0,0.0,,,,,
694,292,76,0.0,900.0,,,,,
695,292,258,0.0,117.0,,,,,
696,294,267,11074.0,0.0,,,,,
697,294,267,0.0,11074.0,,,,,
698,294,68,11074.0,0.0,,,,,
699,294,76,0.0,9800.0,,,,,
700,294,258,0.0,1274.0,,,,,
1198,460,100,0.0,110.5,,,,,
1199,460,277,500.0,0.0,,,,,
1200,460,276,0.0,500.0,,,,,
1208,462,274,850.0,0.0,,,,,
1209,462,274,0.0,850.0,,,,,
1210,462,98,850.0,0.0,,,,,
1211,462,107,0.0,850.0,,,,,
1212,462,277,500.0,0.0,,,,,
1213,462,276,0.0,500.0,,,,,
1220,464,645,25000.0,0.0,2.0,2.0,,,
1221,464,123,0.0,25000.0,2.0,2.0,,,
1226,466,645,2000.0,0.0,6.0,,,,
1227,466,645,0.0,2000.0,6.0,,,,
1228,466,96,2000.0,0.0,6.0,,,,
1229,466,107,0.0,2000.0,6.0,,,,
1230,466,277,1000.0,0.0,6.0,,,,
1231,466,276,0.0,1000.0,6.0,,,,
1234,468,500,5000.0,0.0,2.0,,,,
1235,468,96,0.0,5000.0,2.0,,,,
1240,472,134,0.0,100000.0,,,,,
1241,472,133,100000.0,0.0,,,,,
1246,475,500,0.0,6780.0,,,,,
1247,475,276,6000.0,0.0,,,,,
1248,475,99,780.0,0.0,,,,,
1252,477,500,0.0,3390.0,,,,,
1253,477,276,3000.0,0.0,,,,,
1254,477,99,390.0,0.0,,,,,
1258,479,274,11300.0,0.0,,,,,
1259,479,107,0.0,10000.0,,,,,
1260,479,100,0.0,1300.0,,,,,
1268,482,500,0.0,5650.0,,,,,
1269,482,108,5000.0,0.0,,,,,
1270,482,99,650.0,0.0,,,,,
1276,484,500,0.0,6000.0,,,,,
1277,484,108,6000.0,0.0,,,,,
1280,486,500,0.0,2825.0,,,,,
1281,486,108,2500.0,0.0,,,,,
1282,486,99,325.0,0.0,,,,,
1285,488,500,0.0,500.0,,,,,
1286,488,108,500.0,0.0,,,,,
1289,490,500,0.0,500.0,,,,,
1290,490,108,500.0,0.0,,,,,
1291,491,500,0.0,500.0,,,,,
1292,491,108,500.0,0.0,,,,,
1295,493,274,6000.0,0.0,,,,,
1296,493,107,0.0,6000.0,,,,,
1302,495,645,0.0,0.0,,,,,
1303,495,645,0.0,0.0,,,,,
1304,495,96,0.0,0.0,,,,,
1307,497,500,0.0,6315.0,,,,,
1308,497,108,5600.0,0.0,,,,,
1309,497,99,715.0,0.0,,,,,
1313,499,1048,0.0,565.0,,,,,
1314,499,108,500.0,0.0,,,,,
1315,499,99,65.0,0.0,,,,,
1319,501,1048,0.0,5650.0,,,,,
1320,501,108,5000.0,0.0,,,,,
1321,501,99,650.0,0.0,,,,,
1326,503,1048,0.0,557.5,,,,,
1327,503,105,0.0,7.5,,,,,
1328,503,108,500.0,0.0,,,,,
1329,503,99,65.0,0.0,,,,,
1336,505,274,947.75,0.0,,,,,
1337,505,105,12.75,0.0,,,,,
1338,505,107,0.0,850.0,,,,,
1079,442,500,0.0,50000.0,,,,,
1080,442,276,50000.0,0.0,,,,,
1083,444,739,171.12,0.0,,,computer (FA) [5999] | Computers | Rate: 25.0% (STRAIGHT LINE),,
1084,444,740,0.0,171.12,,,computer (FA) [5999] | Computers | Rate: 25.0% (STRAIGHT LINE),,
1085,445,737,0.0,300000.0,,,,,
1086,445,738,300000.0,0.0,,,,,
1087,446,500,0.0,25000.0,,,,,
1088,446,276,25000.0,0.0,,,,,
703,319,651,100.0,0.0,,,,,
704,319,652,0.0,100.0,,,,,
1091,448,733,50000.0,0.0,,,,,
425,257,223,0.0,500.0,,,,,
426,257,270,500.0,0.0,,,,,
429,261,223,0.0,0.0,,,,,
432,262,223,0.0,0.0,,,,,
435,264,223,0.0,500.0,,,,,
436,264,270,500.0,0.0,,,,,
441,267,223,0.0,600.0,,,,,
442,267,270,600.0,0.0,,,,,
447,269,246,100.0,0.0,,,,,
448,269,223,0.0,100.0,,,,,
449,270,223,200.0,0.0,,,,,
450,270,247,0.0,200.0,,,,,
1092,448,733,0.0,50000.0,,,,,
1093,448,96,50000.0,0.0,,,,,
1094,448,107,0.0,50000.0,,,,,
1099,450,645,14000.0,0.0,,,,,
1100,450,645,0.0,14000.0,,,,,
1101,450,96,14000.0,0.0,,,,,
1102,450,107,0.0,14000.0,,,,,
1110,452,645,9605.0,0.0,,,,,
1111,452,645,0.0,9605.0,,,,,
1112,452,96,9605.0,0.0,,,,,
1113,452,107,0.0,8500.0,,,,,
1114,452,100,0.0,1105.0,,,,,
1115,452,277,5000.0,0.0,,,,,
1116,452,276,0.0,5000.0,,,,,
482,283,502,500.0,0.0,,,,,
483,283,68,0.0,500.0,,,,,
484,284,502,0.0,5000.0,,,,,
485,284,256,5000.0,0.0,,,,,
486,285,502,0.0,56500.0,,,,,
487,285,256,50000.0,0.0,,,,,
488,285,257,6500.0,0.0,,,,,
561,300,9,100.0,0.0,4.0,,,,
562,300,23,0.0,100.0,4.0,,,,
565,302,9,100.0,0.0,4.0,,,,
566,302,23,0.0,100.0,4.0,,,,
1151,454,500,9802.5,0.0,,,,,
1152,454,98,0.0,9802.5,,,,,
1171,456,274,9605.0,0.0,,,,,
1172,456,274,0.0,9605.0,,,,,
1173,456,98,9605.0,0.0,,,,,
1174,456,107,0.0,8500.0,,,,,
1175,456,100,0.0,1105.0,,,,,
1176,456,277,5000.0,0.0,,,,,
1177,456,276,0.0,5000.0,,,,,
1178,457,274,960.5,0.0,,,,,
1179,457,274,0.0,960.5,,,,,
1180,457,98,960.5,0.0,,,,,
1181,457,107,0.0,850.0,,,,,
1182,457,100,0.0,110.5,,,,,
1183,457,277,500.0,0.0,,,,,
1184,457,276,0.0,500.0,,,,,
1192,459,668,1000.0,0.0,,,,,
1193,459,274,0.0,1000.0,,,,,
1201,461,274,960.5,0.0,,,,,
1202,461,274,0.0,960.5,,,,,
1203,461,98,960.5,0.0,,,,,
1204,461,107,0.0,850.0,,,,,
1205,461,100,0.0,110.5,,,,,
1206,461,277,500.0,0.0,,,,,
1207,461,276,0.0,500.0,,,,,
1214,463,274,1150.0,0.0,,,,,
1215,463,274,0.0,1150.0,,,,,
1216,463,5,1150.0,0.0,,,,,
1217,463,107,0.0,1150.0,,,,,
1218,463,277,500.0,0.0,,,,,
1219,463,276,0.0,500.0,,,,,
1222,465,645,89000.0,0.0,6.0,2.0,,,
1223,465,645,0.0,89000.0,6.0,2.0,,,
1224,465,96,89000.0,0.0,6.0,2.0,,,
1225,465,123,0.0,89000.0,6.0,2.0,,,
1232,467,114,5000.0,0.0,6.0,2.0,,,
1233,467,98,0.0,5000.0,6.0,2.0,,,
1236,469,668,2000.0,0.0,6.0,,cash deposit,,
1237,469,96,0.0,2000.0,6.0,,cas,,
1238,471,134,0.0,10000.0,,,,,
1239,471,133,10000.0,0.0,,,,,
1242,473,134,10000.0,0.0,,,,,
1244,474,134,100000.0,0.0,,,,,
1243,473,1045,0.0,10000.0,,,,,
1245,474,1045,0.0,100000.0,,,,,
1249,476,500,0.0,6780.0,,,,,
1250,476,276,6000.0,0.0,,,,,
1251,476,99,780.0,0.0,,,,,
1255,478,500,0.0,11300.0,,,,,
1256,478,276,10000.0,0.0,,,,,
1257,478,99,1300.0,0.0,,,,,
1261,480,274,0.0,0.0,,,,,
1262,480,274,0.0,0.0,,,,,
1263,480,96,0.0,0.0,,,,,
1264,481,500,0.0,27500.0,,,,,
1265,481,500,27500.0,0.0,,,,,
1266,481,96,0.0,27500.0,,,,,
1267,481,276,27500.0,0.0,,,,,
1271,483,274,960.5,0.0,,,,,
1272,483,107,0.0,850.0,,,,,
1273,483,100,0.0,110.5,,,,,
1274,483,277,500.0,0.0,,,,,
1275,483,276,0.0,500.0,,,,,
1278,485,500,0.0,7000.0,,,,,
1279,485,108,7000.0,0.0,,,,,
1283,487,500,0.0,500.0,,,,,
1284,487,108,500.0,0.0,,,,,
1287,489,500,0.0,500.0,,,,,
1288,489,108,500.0,0.0,,,,,
1293,492,500,0.0,7000.0,,,,,
1294,492,108,7000.0,0.0,,,,,
1297,494,274,960.5,0.0,,,,,
1298,494,107,0.0,850.0,,,,,
1299,494,100,0.0,110.5,,,,,
1300,494,277,500.0,0.0,,,,,
1301,494,276,0.0,500.0,,,,,
1305,496,737,0.0,200000.0,,,,,
1306,496,738,200000.0,0.0,,,,,
1310,498,1048,0.0,6112.0,,,,,
1311,498,108,5800.0,0.0,,,,,
1312,498,99,312.0,0.0,,,,,
1316,500,1048,0.0,452.0,,,,,
1317,500,108,400.0,0.0,,,,,
1318,500,99,52.0,0.0,,,,,
1322,502,1048,0.0,5575.0,,,,,
1323,502,105,0.0,75.0,,,,,
1324,502,108,5000.0,0.0,,,,,
1325,502,99,650.0,0.0,,,,,
1330,504,274,947.75,0.0,,,,,
1331,504,105,12.75,0.0,,,,,
1332,504,107,0.0,850.0,,,,,
1333,504,100,0.0,110.5,,,,,
1334,504,277,500.0,0.0,,,,,
1335,504,276,0.0,500.0,,,,,
1339,505,100,0.0,110.5,,,,,
1340,505,277,500.0,0.0,,,,,
1341,505,276,0.0,500.0,,,,,
1342,506,274,960.5,0.0,,,,,
1343,506,107,0.0,850.0,,,,,
1344,506,100,0.0,110.5,,,,,
1345,506,277,500.0,0.0,,,,,
1346,506,276,0.0,500.0,,,,,
1347,507,274,948.75,0.0,,,,,
1348,507,1081,14.25,0.0,,,,,
1349,507,107,0.0,850.0,,,,,
1350,507,123,0.0,100.0,,,,,
1351,507,100,0.0,13.0,,,,,
1352,508,1048,0.0,6000.0,,,,,
1353,508,105,0.0,150.0,,,,,
1354,508,108,5500.0,0.0,,,,,
1355,508,99,650.0,0.0,,,,,
1356,509,1048,0.0,350000.0,,,,,
1357,509,108,350000.0,0.0,,,,,
1358,510,274,100000.0,0.0,,,,,
1359,510,107,0.0,100000.0,,,,,
1360,511,104,0.0,56000.0,,,,,
1361,511,105,0.0,200.0,,,,,
1362,511,113,0.0,19800.0,,,,,
1363,511,113,73000.0,0.0,2.0,,,,
1364,511,1118,3000.0,0.0,2.0,,,,
1365,512,104,0.0,56000.0,,,,,
1366,512,105,0.0,200.0,,,,,
1367,512,113,0.0,19800.0,,,,,
1368,512,113,73000.0,0.0,2.0,,,,
1369,512,1118,3000.0,0.0,2.0,,,,
1370,513,104,0.0,6000.0,,,,,
1371,513,105,0.0,50.0,,,,,
1372,513,113,0.0,4950.0,,,,,
1373,513,113,8000.0,0.0,2.0,,,,
1374,513,1118,3000.0,0.0,2.0,,,,
1375,514,500,0.0,555.0,,,,,
1376,514,105,0.0,10.0,,,,,
1377,514,108,500.0,0.0,,,,,
1378,514,99,65.0,0.0,,,,,
1379,515,1123,0.0,5650.0,,,,,
1380,515,108,5000.0,0.0,,,,,
1381,515,99,650.0,0.0,,,,,
1382,516,1123,0.0,5650.0,,,,,
1383,516,108,5000.0,0.0,,,,,
1384,516,99,650.0,0.0,,,,,
1385,517,274,5593.5,0.0,,,,,
1386,517,274,0.0,5593.5,,,,,
1387,517,96,5593.5,0.0,,,,,
1388,517,107,0.0,4950.0,,,,,
1389,517,100,0.0,643.5,,,,,
1390,517,277,2500.0,0.0,,,,,
1391,517,276,0.0,2500.0,,,,,
1407,518,113,50000.0,0.0,2.0,,salary,,
1408,518,1120,0.0,40000.0,,,salary,,2.0
1409,518,1120,0.0,10000.0,,,salary,,8.0
1422,519,113,30000.0,0.0,2.0,,salary,,
1423,519,1120,0.0,15000.0,,,salary,,2.0
1424,519,1120,0.0,15000.0,,,salary,,8.0
1425,520,1120,15000.0,0.0,,,paid,,2.0
1426,520,668,0.0,15000.0,,,cheq,,2.0
